{"brands": {"alfa-romeo": 29824.322221584272, "audi": 27722.611271659134, "bmw": 24219.053730794047, "citroen": 19104.48425970036, "dacia": 15095.588424180789, "dodge": 54581.71727965509, "fiat": 15935.116106421652, "ford": 20442.688199460557, "honda": 24020.571406261166, "hyundai": 20116.92132036474, "isuzu": 37400.2627305317, "jaguar": 45092.95748484722, "jeep": 35984.405171106075, "kia": 22309.463942150112, "land-rover": 54590.4594703197, "maserati": 67798.28150766164, "mazda": 23436.442560254694, "mercedes-benz": 27590.294285077223, "mini": 21707.47539145177, "mitsubishi": 23119.56915829436, "nissan": 22414.294224953206, "opel": 14805.298688153869, "peugeot": 19783.24403757443, "porsche": 73163.75226782635, "renault": 17459.780695175756, "saab": 7596.55889323057, "seat": 21924.785206211847, "skoda": 22303.700010019016, "smart": 12895.886105179603, "ssangyong": 25295.341376074495, "toyota": 24707.103427361224, "volkswagen": 19012.192525688362, "volvo": 35664.658858583454}, "models": {"alfa romeo giulia": 45573.5989836597, "alfa romeo giulietta": 12956.160355200838, "alfa romeo mito": 7083.38938888862, "alfa romeo stelvio": 44976.110803374795, "alfa romeo tonale": 42359.25335722531, "audi a1": 19494.745179998834, "audi a3": 18420.87646057919, "audi a4": 18758.73860247354, "audi a4 allroad": 26683.682382979805, "audi a5": 24952.673896065222, "audi a6": 25194.535250882156, "audi a6 allroad": 30432.57114620643, "audi a7": 35164.38270266741, "audi a8": 35986.9346475545, "audi q2": 27128.407122845463, "audi q3": 29888.59112637477, "audi q5": 31653.82592280714, "audi q7": 37773.15155393904, "audi q8": 74601.54784694054, "audi r8": 101657.19110418262, "audi rs3": 53316.813758647826, "audi rs5": 60941.81348701636, "audi rs6": 76536.07837311142, "audi s3": 33289.231827121665, "audi s4": 31332.04107037908, "audi s5": 38792.20767239951, "audi s6": 44558.888000839004, "audi sq5": 40000.482562965015, "audi sq7": 62327.651599764795, "audi tt": 22182.954738229328, "audi tts": 36795.201796291825, "audi e-tron": 60434.04480604996, "bmw 116": 9941.728066617943, "bmw 118": 13773.021965355285, "bmw 120": 16187.010062674133, "bmw 216": 17259.684770928656, "bmw 218": 20030.04883924649, "bmw 220": 24210.87949818213, "bmw 225": 24473.696936831337, "bmw 316": 6893.943577163896, "bmw 318": 11060.415789162906, "bmw 320": 16515.61799451765, "bmw 325": 11182.525620565491, "bmw 330": 23383.932146885243, "bmw 335": 21525.203862000253, "bmw 420": 27785.78848593149, "bmw 430": 34220.785917149966, "bmw 435": 28230.223916092502, "bmw 440": 51723.34815874126, "bmw 520": 19804.164632994863, "bmw 523": 8748.474880882188, "bmw 525": 12402.130518243506, "bmw 530": 25523.947638924183, "bmw 535": 19033.794161898015, "bmw 540": 40225.62261803166, "bmw 550": 34032.977485989424, "bmw 640": 32386.079803593046, "bmw 730": 29825.55857581752, "bmw 740": 36154.790273479346, "bmw 750": 37323.71191698823, "bmw m2": 51802.84617167301, "bmw m3": 66206.66468670755, "bmw m4": 73342.35155130603, "bmw m5": 64059.96339958079, "bmw x1": 21488.145887506842, "bmw x2": 31430.638895966174, "bmw x3": 23563.740412782267, "bmw x4": 35985.29872930524, "bmw x5": 35087.650470001965, "bmw x5 m": 59792.14404500158, "bmw x6": 41809.952868645574, "bmw z3": 14248.43784266446, "bmw z4": 23311.785149317882, "bmw i3": 25464.279791408353, "citroen berlingo": 20107.48884951036, "citroen c1": 9150.734401326194, "citroen c3": 13993.187501304692, "citroen c3 aircross": 19814.934534190903, "citroen c4": 19453.270825655694, "citroen c4 cactus": 14515.624592141954, "citroen c5 aircross": 26825.28677493383, "citroen c5 x": 39068.15775281993, "citroen jumper": 21355.264688091764, "citroen jumpy": 20105.604755639517, "dacia": 20862.33188992323, "dacia dokker": 13058.093445958784, "dacia duster": 16787.870650998866, "dacia jogger": 23009.888948510194, "dacia lodgy": 12773.562327780799, "dacia logan": 10309.941101869672, "dacia sandero": 13247.007472899264, "dodge challenger": 54621.16985824106, "dodge ram": 60782.16780163357, "fiat 500": 14606.00022379037, "fiat 500c": 15922.795544180373, "fiat 500x": 21806.55878218616, "fiat doblo": 15979.202055543026, "fiat ducato": 25620.349470285822, "fiat grande punto": 3118.5880899166314, "fiat panda": 10386.749902005116, "fiat tipo": 17774.880463740967, "ford": 28024.199931730873, "ford b-max": 10936.535243494378, "ford c-max": 11049.76461422076, "ford ecosport": 18371.675145552552, "ford edge": 28672.03868396107, "ford fiesta": 12055.502817387258, "ford focus": 15824.759108944514, "ford fusion": 3820.7757815729897, "ford galaxy": 19332.905445000157, "ford grand c-max": 12034.59816623827, "ford ka/ka+": 6563.521990651662, "ford kuga": 23744.168057968353, "ford mondeo": 15687.860125748208, "ford mustang": 41175.50482256779, "ford mustang mach-e": 55552.182356764904, "ford puma": 25683.490530566065, "ford ranger": 38234.40796605968, "ford s-max": 20529.559608233987, "ford tourneo connect": 20090.359359632253, "ford tourneo courier": 14545.598334453734, "ford tourneo custom": 43579.50649649813, "ford transit": 21163.56539136843, "ford transit connect": 15772.194553363635, "ford transit custom": 33063.029575523426, "honda cr-v": 28012.16398284134, "honda civic": 24055.853487844954, "honda jazz": 18618.265319440372, "hyundai ioniq": 23091.341314112116, "hyundai kona": 25927.727650765388, "hyundai santa fe": 29040.715765045396, "hyundai tucson": 26924.241081745255, "hyundai i10": 11649.244635278079, "hyundai i20": 13920.999290110507, "hyundai i30": 18507.728417079605, "hyundai i40": 12948.422648602906, "hyundai ix20": 11329.547535745016, "hyundai ix35": 12520.85605022439, "isuzu d-max": 37576.01111982954, "jaguar e-pace": 36352.61021153896, "jaguar f-pace": 45907.87154367186, "jaguar f-type": 70892.42090866256, "jaguar xe": 34832.5043173157, "jaguar xf": 35391.56968496966, "jeep compass": 32227.58256063419, "jeep grand cherokee": 40317.63731962317, "jeep renegade": 27002.696644706317, "jeep wrangler": 56803.89444977742, "kia ceed / cee'd": 19640.390894549597, "kia ceed sw / cee'd sw": 20759.582810639153, "kia niro": 29411.19741363841, "kia optima": 20733.26839174828, "kia picanto": 11857.613844160083, "kia proceed / pro_cee'd": 25325.9503475997, "kia rio": 15262.254165125732, "kia sorento": 30816.62285667889, "kia soul": 21441.71860501413, "kia sportage": 25129.963834895916, "kia stonic": 19757.126658482535, "kia venga": 12811.340596405182, "kia xceed": 28178.293743888647, "land rover defender": 95475.59271509873, "land rover discovery": 48063.31641618396, "land rover discovery sport": 38039.52212397384, "land rover range rover": 68743.76150901483, "land rover range rover evoque": 41887.12137203775, "land rover range rover sport": 65992.74301807283, "land rover range rover velar": 60608.40409577472, "mini cooper": 20667.69911929784, "mini cooper cabrio": 21200.083290894057, "mini cooper clubman": 21175.814510030134, "mini cooper countryman": 23775.133802112556, "mini cooper s": 24150.76538343386, "mini cooper s cabrio": 27834.465901667667, "mini cooper s clubman": 25827.37187175294, "mini cooper s countryman": 24217.321093661918, "mini cooper se": 28385.2699282372, "mini cooper se countryman": 28694.622692711593, "mini john cooper works": 29554.77109334594, "mini one": 15336.162861896013, "mini one cabrio": 17124.35604620645, "maserati ghibli": 55555.47621143618, "maserati levante": 74949.76554562678, "mazda 2": 16868.44747079103, "mazda 3": 18934.636874235974, "mazda 6": 22339.84857283933, "mazda cx-3": 18962.36087564388, "mazda cx-30": 28091.799861861364, "mazda cx-5": 26136.390780456048, "mazda cx-60": 53271.135944840345, "mazda mx-5": 25348.53651478014, "mercedes-benz": 31777.214344658045, "mercedes-benz a 150": 5056.608541743154, "mercedes-benz a 160": 7455.997723448016, "mercedes-benz a 170": 4651.57722845165, "mercedes-benz a 180": 16595.876548331755, "mercedes-benz a 200": 21100.820410164077, "mercedes-benz a 220": 28547.89108234518, "mercedes-benz a 250": 32282.07695828027,